{
  "frames": [{
      "name": "sprite-00",
      "position": {
        "x": 0,
        "y": 0,
        "w": 192,
        "h": 144
      }
    },
    {
      "name": "sprite-01",
      "position": {
        "x": 192,
        "y": 0,
        "w": 192,
        "h": 144
      }
    },
    {
      "name": "sprite-02",
      "position": {
        "x": 384,
        "y": 0,
        "w": 192,
        "h": 144
      }
    },
    {
      "name": "sprite-03",
      "position": {
        "x": 0,
        "y": 144,
        "w": 192,
        "h": 144
      }
    },
    {
      "name": "sprite-04",
      "position": {
        "x": 192,
        "y": 144,
        "w": 192,
        "h": 144
      }
    },
    {
      "name": "sprite-05",
      "position": {
        "x": 384,
        "y": 144,
        "w": 192,
        "h": 144
      }
    },
    {
      "name": "sprite-06",
      "position": {
        "x": 0,
        "y": 288,
        "w": 192,
        "h": 144
      }
    }
  ]
}
